{
	"data": {
		"path": "bbbp",
		"task": "classification",
		"target_names": ["label"],
		"batch_size": 64,
		"split" : "scaffold"
	},
	"train": {
		"loss_fn": "bce",
		"metric_fn": "auc",
		"warmup": 2,
		"init_lr": 0.0001,
		"max_lr": 0.001,
		"final_lr": 1e-05,
		"epochs": 50,
		"num_fold": 5,
		"save_path": "bbbp",
		"device": "cuda:0"
	},
	"model": {
		"atom_dim": 42,
		"bond_dim": 14,
		"pharm_dim": 194,
		"reac_dim": 34,
		"hid_dim": 300,
		"depth": 3,
		"act": "ReLU",
		"num_task": 1
	},
	"seed": [0,100,200,300,400]
}